mean_fit_time,std_fit_time,mean_score_time,std_score_time,param_alpha,param_kernel,param_n_restarts_optimizer,params,split0_test_score,split1_test_score,split2_test_score,split3_test_score,split4_test_score,split5_test_score,split6_test_score,split7_test_score,split8_test_score,split9_test_score,mean_test_score,std_test_score,rank_test_score
0.3159536600112915,0.029730041562005552,0.002726435661315918,0.0012228229454967143,0.001,1**2 * RBF(length_scale=1) + WhiteKernel(noise_level=0.1),0,"{'alpha': 0.001, 'kernel': 1**2 * RBF(length_scale=1) + WhiteKernel(noise_level=0.1), 'n_restarts_optimizer': 0}",0.34405700313263354,0.2623308824330447,0.5463947755187955,0.19244322157224936,0.2186519336393511,0.24307424678245604,0.25980110494647357,0.4875352503460598,0.43497938694812754,0.4210333079808245,0.34103011133000155,0.1176078631223487,45
0.5584863662719727,0.050830740652132785,0.002504396438598633,0.0011224541595403238,0.001,1**2 * RBF(length_scale=1) + WhiteKernel(noise_level=0.1),1,"{'alpha': 0.001, 'kernel': 1**2 * RBF(length_scale=1) + WhiteKernel(noise_level=0.1), 'n_restarts_optimizer': 1}",0.34405754788596554,0.2623310437738148,0.5463940398197634,0.19244322157224936,0.2186519336393511,0.24307392487112123,0.25980110494647357,0.4875352503460598,0.43497938694812754,0.4210333079808245,0.34103007617837505,0.11760775207403366,46
1.0380605220794679,0.1751976283104674,0.0033837080001831053,0.0017271212226329248,0.001,1**2 * RBF(length_scale=1) + WhiteKernel(noise_level=0.1),2,"{'alpha': 0.001, 'kernel': 1**2 * RBF(length_scale=1) + WhiteKernel(noise_level=0.1), 'n_restarts_optimizer': 2}",0.34405747473786885,0.26233151642509733,0.5463941444661953,0.19244328116503273,0.2186519336393511,0.24307389330352458,0.25980111119584415,0.4875352503460598,0.43497938694812754,0.4210337631158567,0.3410301755342958,0.11760776416023426,43
0.32201788425445554,0.051356554214714356,0.0024659395217895507,0.002439487752733301,0.001,"1**2 * Matern(length_scale=1, nu=1.5) + WhiteKernel(noise_level=0.1)",0,"{'alpha': 0.001, 'kernel': 1**2 * Matern(length_scale=1, nu=1.5) + WhiteKernel(noise_level=0.1), 'n_restarts_optimizer': 0}",0.36906179349138635,0.28030654321995474,0.5753417661191933,0.2297018938546549,0.22255632738373676,0.2598782078467903,0.3156871042730601,0.5060516423499812,0.44856194630842916,0.4399704192440036,0.36471176440911907,0.1166229678373044,18
0.5751190423965454,0.06090169374805883,0.0020457029342651365,0.001232638211648603,0.001,"1**2 * Matern(length_scale=1, nu=1.5) + WhiteKernel(noise_level=0.1)",1,"{'alpha': 0.001, 'kernel': 1**2 * Matern(length_scale=1, nu=1.5) + WhiteKernel(noise_level=0.1), 'n_restarts_optimizer': 1}",0.3690617675789539,0.28030654321995474,0.5753417661191933,0.2297018938546549,0.22255625282103464,0.2598782078467903,0.3156871042730601,0.5060525207254024,0.44856194630842916,0.4399704192440036,0.3647118421991477,0.116623083283295,16
1.2132899761199951,0.16241936294291592,0.0021330595016479494,0.0008062333217520348,0.001,"1**2 * Matern(length_scale=1, nu=1.5) + WhiteKernel(noise_level=0.1)",2,"{'alpha': 0.001, 'kernel': 1**2 * Matern(length_scale=1, nu=1.5) + WhiteKernel(noise_level=0.1), 'n_restarts_optimizer': 2}",0.3690618264057568,0.2803065532433787,0.5753417661191933,0.22970207031864598,0.22255625282103464,0.2598782002160547,0.3156871620500771,0.5060525207254024,0.44856194630842916,0.4399704192440036,0.36471187174519765,0.1166230606059101,14
0.31443071365356445,0.032724299928304515,0.0020296573638916016,0.0014146201967708224,0.001,"1**2 * Matern(length_scale=1, nu=2.5) + WhiteKernel(noise_level=0.1)",0,"{'alpha': 0.001, 'kernel': 1**2 * Matern(length_scale=1, nu=2.5) + WhiteKernel(noise_level=0.1), 'n_restarts_optimizer': 0}",0.36209307999973295,0.27371616145759703,0.56647397654196,0.21860376137736248,0.21771451431841127,0.2519051858081881,0.29501661614303265,0.49936334727621967,0.4441249602608254,0.4338574292948588,0.35628690324781886,0.1174914337394597,28
0.5663813352584839,0.053035221555876776,0.0016236543655395509,0.0008030790671748459,0.001,"1**2 * Matern(length_scale=1, nu=2.5) + WhiteKernel(noise_level=0.1)",1,"{'alpha': 0.001, 'kernel': 1**2 * Matern(length_scale=1, nu=2.5) + WhiteKernel(noise_level=0.1), 'n_restarts_optimizer': 1}",0.36209352282824336,0.27371616145759703,0.56647397654196,0.21860376137736248,0.21771460372984752,0.2519058761483618,0.29501661614303265,0.49936334727621967,0.4441250408851918,0.4338574292948588,0.3562870335682675,0.11749137007900362,26
1.1649429559707642,0.156675864431488,0.0028094053268432617,0.0015293641492565041,0.001,"1**2 * Matern(length_scale=1, nu=2.5) + WhiteKernel(noise_level=0.1)",2,"{'alpha': 0.001, 'kernel': 1**2 * Matern(length_scale=1, nu=2.5) + WhiteKernel(noise_level=0.1), 'n_restarts_optimizer': 2}",0.36209386543702227,0.27371616145759703,0.56647397654196,0.21860376137736248,0.21771460372984752,0.2519058761483618,0.2950165001965701,0.49936334727621967,0.4441250408851918,0.4338574363311857,0.3562870569381318,0.11749137828327884,24
0.21032721996307374,0.043257734260116115,0.001279926300048828,0.0006845260915331243,0.001,RBF(length_scale=1) + WhiteKernel(noise_level=0.1),0,"{'alpha': 0.001, 'kernel': RBF(length_scale=1) + WhiteKernel(noise_level=0.1), 'n_restarts_optimizer': 0}",0.34874410841665693,0.2660834525907875,0.5530331039856555,0.19730161273518676,0.21755619256351855,0.24554271790519777,0.25820849324684414,0.49139195928142676,0.4373528327345819,0.42551810808307977,0.34407325815429357,0.1189264878395826,39
0.3990504026412964,0.10467902480633046,0.0009273767471313476,0.0003340447317225452,0.001,RBF(length_scale=1) + WhiteKernel(noise_level=0.1),1,"{'alpha': 0.001, 'kernel': RBF(length_scale=1) + WhiteKernel(noise_level=0.1), 'n_restarts_optimizer': 1}",0.34874410841665693,0.2660837172214727,0.5530331039856555,0.19730497651773504,0.21755619256351855,0.24554272033878977,0.25820849324684414,0.49139195928142676,0.4373528327345819,0.42551811935940054,0.3440736223666082,0.11892605592261206,31
0.5332281351089477,0.10264871416542971,0.0013033628463745117,0.0006934789947222436,0.001,RBF(length_scale=1) + WhiteKernel(noise_level=0.1),2,"{'alpha': 0.001, 'kernel': RBF(length_scale=1) + WhiteKernel(noise_level=0.1), 'n_restarts_optimizer': 2}",0.34874410841665693,0.2660836903416274,0.5530331039856555,0.19730497651773504,0.21755618718512582,0.24554272016035672,0.25820849324684414,0.49139195928142676,0.4373528327345819,0.42551811935940054,0.34407361912294104,0.11892605827230614,35
0.17243468761444092,0.029766268319932183,0.0011846303939819336,0.0005629257145671865,0.001,"Matern(length_scale=1, nu=1.5) + WhiteKernel(noise_level=0.1)",0,"{'alpha': 0.001, 'kernel': Matern(length_scale=1, nu=1.5) + WhiteKernel(noise_level=0.1), 'n_restarts_optimizer': 0}",0.37104232803483606,0.28267257655626776,0.5805556203098827,0.23143175092914225,0.22435850556631132,0.2620343697126044,0.3162595506329705,0.5088738354319569,0.449848556955904,0.44293993459276204,0.3670017028722638,0.11739255630888863,1
0.4095785140991211,0.11310866501674015,0.0011166810989379882,0.0005523598886077098,0.001,"Matern(length_scale=1, nu=1.5) + WhiteKernel(noise_level=0.1)",1,"{'alpha': 0.001, 'kernel': Matern(length_scale=1, nu=1.5) + WhiteKernel(noise_level=0.1), 'n_restarts_optimizer': 1}",0.37104232803483606,0.28267257655626776,0.5805556203098827,0.23143176153923384,0.22435847838173395,0.2620343654624151,0.3162595506329705,0.5088738354319569,0.449848556955904,0.44293993459276204,0.36700170078979627,0.11739255876681011,2
0.5319864511489868,0.09906978851519754,0.0017200231552124024,0.0008544734480864712,0.001,"Matern(length_scale=1, nu=1.5) + WhiteKernel(noise_level=0.1)",2,"{'alpha': 0.001, 'kernel': Matern(length_scale=1, nu=1.5) + WhiteKernel(noise_level=0.1), 'n_restarts_optimizer': 2}",0.37104232803483606,0.28267257655626776,0.5805556203098827,0.23143176153923384,0.22435847838173395,0.2620343654624151,0.31625951214123904,0.5088734445651859,0.4498485615072715,0.44293993459276204,0.36700165830908277,0.11739251351451632,7
0.2460533857345581,0.03856910049788304,0.001336956024169922,0.0007779996384192101,0.01,1**2 * RBF(length_scale=1) + WhiteKernel(noise_level=0.1),0,"{'alpha': 0.01, 'kernel': 1**2 * RBF(length_scale=1) + WhiteKernel(noise_level=0.1), 'n_restarts_optimizer': 0}",0.3440556841121495,0.26233209434143756,0.5463941003368837,0.19244313446496952,0.21865192158452362,0.24307370370447712,0.25980118305098965,0.4875356348686042,0.4349792617433932,0.4210337456144352,0.34103004638218637,0.11760778050041124,47
0.5003787040710449,0.04157813320157044,0.0016395092010498048,0.0010732903355954032,0.01,1**2 * RBF(length_scale=1) + WhiteKernel(noise_level=0.1),1,"{'alpha': 0.01, 'kernel': 1**2 * RBF(length_scale=1) + WhiteKernel(noise_level=0.1), 'n_restarts_optimizer': 1}",0.34405789168587764,0.26233167162852566,0.5463941154131642,0.1924431988119093,0.2186519452458362,0.24307389812208102,0.25980118305098965,0.48753505173159306,0.43497939006524045,0.4210337456144352,0.3410302091369652,0.11760772792429158,41
0.983752965927124,0.07955468926658509,0.002480435371398926,0.00255764291447024,0.01,1**2 * RBF(length_scale=1) + WhiteKernel(noise_level=0.1),2,"{'alpha': 0.01, 'kernel': 1**2 * RBF(length_scale=1) + WhiteKernel(noise_level=0.1), 'n_restarts_optimizer': 2}",0.34405789168587764,0.26233167162852566,0.5463941154131642,0.1924431988119093,0.2186519452458362,0.24307389812208102,0.25980111103276915,0.48753529623999925,0.43497939006524045,0.4210337456144352,0.3410302263859838,0.11760776335704837,40
0.25251078605651855,0.030355487156861895,0.0017542123794555664,0.0008414445275672271,0.01,"1**2 * Matern(length_scale=1, nu=1.5) + WhiteKernel(noise_level=0.1)",0,"{'alpha': 0.01, 'kernel': 1**2 * Matern(length_scale=1, nu=1.5) + WhiteKernel(noise_level=0.1), 'n_restarts_optimizer': 0}",0.3690617999752276,0.28030652470257467,0.5753417718335756,0.2297011067707776,0.22255721696404496,0.2598783590287701,0.3156872466106335,0.5060522721745507,0.4485618918920804,0.4399703617003241,0.3647118551652559,0.11662300205006491,15
0.5060968160629272,0.03812344656782039,0.0015056133270263672,0.0007434978628865492,0.01,"1**2 * Matern(length_scale=1, nu=1.5) + WhiteKernel(noise_level=0.1)",1,"{'alpha': 0.01, 'kernel': 1**2 * Matern(length_scale=1, nu=1.5) + WhiteKernel(noise_level=0.1), 'n_restarts_optimizer': 1}",0.3690617999752276,0.28030652470257467,0.5753417743239853,0.229702023234732,0.2225566947749853,0.25987820673797224,0.3156872466106335,0.5060521051246344,0.4485620076142316,0.4399704204914554,0.36471188035904323,0.11662296561330696,13
1.1278918743133546,0.10988102229141199,0.0018801689147949219,0.0010059257449603388,0.01,"1**2 * Matern(length_scale=1, nu=1.5) + WhiteKernel(noise_level=0.1)",2,"{'alpha': 0.01, 'kernel': 1**2 * Matern(length_scale=1, nu=1.5) + WhiteKernel(noise_level=0.1), 'n_restarts_optimizer': 2}",0.3690617999752276,0.28030652470257467,0.5753417743239853,0.229702023234732,0.22255626329781486,0.25987820673797224,0.31568717934302026,0.5060521051246344,0.4485620040826911,0.4399704204914554,0.3647118301314108,0.11662302078120156,17
0.2661316394805908,0.04408784438983089,0.002266597747802734,0.002340125698984563,0.01,"1**2 * Matern(length_scale=1, nu=2.5) + WhiteKernel(noise_level=0.1)",0,"{'alpha': 0.01, 'kernel': 1**2 * Matern(length_scale=1, nu=2.5) + WhiteKernel(noise_level=0.1), 'n_restarts_optimizer': 0}",0.36209403976062304,0.2737158252519517,0.5664737485035622,0.2186041773363655,0.21771458161303225,0.25190470064295634,0.29501654251883636,0.4993629094381644,0.4441250028648327,0.43385744802315607,0.35628689759534804,0.11749136268043521,29
0.5749703407287597,0.036799477050925844,0.0019678592681884764,0.0010590703826617533,0.01,"1**2 * Matern(length_scale=1, nu=2.5) + WhiteKernel(noise_level=0.1)",1,"{'alpha': 0.01, 'kernel': 1**2 * Matern(length_scale=1, nu=2.5) + WhiteKernel(noise_level=0.1), 'n_restarts_optimizer': 1}",0.36209403976062304,0.27371623678530455,0.5664739204642745,0.2186041773363655,0.21771458161303225,0.25190589595479185,0.29501654251883636,0.4993629094381644,0.44412504384520124,0.43385744802315607,0.356287079573975,0.11749126139136452,23
1.1744162559509277,0.07594002290453664,0.0016863107681274413,0.0010473773467423837,0.01,"1**2 * Matern(length_scale=1, nu=2.5) + WhiteKernel(noise_level=0.1)",2,"{'alpha': 0.01, 'kernel': 1**2 * Matern(length_scale=1, nu=2.5) + WhiteKernel(noise_level=0.1), 'n_restarts_optimizer': 2}",0.36209403976062304,0.27371623678530455,0.5664740370773567,0.2186041773363655,0.21771458161303225,0.25190589595479185,0.29501654251883636,0.4993629094381644,0.44412504384520124,0.43385744802315607,0.35628709123528324,0.11749128225294948,22
0.21471199989318848,0.035824686037418785,0.001389312744140625,0.0007510589618998134,0.01,RBF(length_scale=1) + WhiteKernel(noise_level=0.1),0,"{'alpha': 0.01, 'kernel': RBF(length_scale=1) + WhiteKernel(noise_level=0.1), 'n_restarts_optimizer': 0}",0.34874411874718614,0.26608371915292894,0.5530330906161391,0.1973049741528492,0.21755619233106327,0.2455427031170383,0.25820849140044,0.49139172037824264,0.43735283139729875,0.4255181154933345,0.34407359567865214,0.11892602540065039,37
0.4731325149536133,0.07670218130665037,0.0015753984451293945,0.0010662214702366066,0.01,RBF(length_scale=1) + WhiteKernel(noise_level=0.1),1,"{'alpha': 0.01, 'kernel': RBF(length_scale=1) + WhiteKernel(noise_level=0.1), 'n_restarts_optimizer': 1}",0.34874411874718614,0.26608371915292894,0.5530330906161391,0.1973049741528492,0.21755619233106327,0.24554272523222165,0.25820849140044,0.49139195601027885,0.4373528336771574,0.4255181154933345,0.34407362168135985,0.11892605293585569,32
0.5535008430480957,0.05346878894908161,0.0014092206954956054,0.0009598664072334617,0.01,RBF(length_scale=1) + WhiteKernel(noise_level=0.1),2,"{'alpha': 0.01, 'kernel': RBF(length_scale=1) + WhiteKernel(noise_level=0.1), 'n_restarts_optimizer': 2}",0.34874411874718614,0.26608371915292894,0.5530330906161391,0.1973049741528492,0.21755618678257949,0.24554272523222165,0.25820849140044,0.49139195601027885,0.4373528336771574,0.42551811841628084,0.34407362141880615,0.11892605372629463,33
0.189164400100708,0.014460684592556386,0.0015649795532226562,0.0009218974948476076,0.01,"Matern(length_scale=1, nu=1.5) + WhiteKernel(noise_level=0.1)",0,"{'alpha': 0.01, 'kernel': Matern(length_scale=1, nu=1.5) + WhiteKernel(noise_level=0.1), 'n_restarts_optimizer': 0}",0.37104255192496394,0.28267257584936467,0.5805556265971461,0.23143176391548803,0.2243584781332878,0.26203437737788393,0.3162595516377926,0.5088734739365444,0.4498485700271363,0.4429399023452991,0.36700168717449067,0.11739251452768337,4
0.49700629711151123,0.05725360524821202,0.0012719154357910157,0.0005345824847051394,0.01,"Matern(length_scale=1, nu=1.5) + WhiteKernel(noise_level=0.1)",1,"{'alpha': 0.01, 'kernel': Matern(length_scale=1, nu=1.5) + WhiteKernel(noise_level=0.1), 'n_restarts_optimizer': 1}",0.37104232769089107,0.28267257584936467,0.5805556265971461,0.23143176391548803,0.2243584781332878,0.26203437737788393,0.3162595516377926,0.5088735183099369,0.4498485700271363,0.4429399302720931,0.36700167198110206,0.1173925209249984,5
0.6185735464096069,0.08069295048071402,0.001644444465637207,0.0009049525905608682,0.01,"Matern(length_scale=1, nu=1.5) + WhiteKernel(noise_level=0.1)",2,"{'alpha': 0.01, 'kernel': Matern(length_scale=1, nu=1.5) + WhiteKernel(noise_level=0.1), 'n_restarts_optimizer': 2}",0.37104232769089107,0.28267257584936467,0.5805556265971461,0.23143176391548803,0.2243584781332878,0.26203437737788393,0.3162595496667372,0.5088735103402982,0.449848562707029,0.4429399302720931,0.36700167025502195,0.1173925195304462,6
0.30642807483673096,0.03436251442711131,0.0014605283737182616,0.0007655936760760022,0.1,1**2 * RBF(length_scale=1) + WhiteKernel(noise_level=0.1),0,"{'alpha': 0.1, 'kernel': 1**2 * RBF(length_scale=1) + WhiteKernel(noise_level=0.1), 'n_restarts_optimizer': 0}",0.34405747460250946,0.26233152585144415,0.5463942753803738,0.19243882431861925,0.2186519726902959,0.24307468538534538,0.25980107779595973,0.48753531889179336,0.4349793875233168,0.42103363413970785,0.34102981765793655,0.1176082815601782,48
0.6202387094497681,0.0674969749219888,0.002686023712158203,0.0013364631063354868,0.1,1**2 * RBF(length_scale=1) + WhiteKernel(noise_level=0.1),1,"{'alpha': 0.1, 'kernel': 1**2 * RBF(length_scale=1) + WhiteKernel(noise_level=0.1), 'n_restarts_optimizer': 1}",0.34405747460250946,0.26233176784926227,0.5463942753803738,0.19244364621031285,0.21865197894464294,0.24307389300756366,0.25980107779595973,0.4875344546537883,0.4349793875233168,0.42103374445975084,0.34103017004274805,0.11760762134947361,44
1.0394627094268798,0.06988135916330723,0.0015447616577148437,0.0007980056956536201,0.1,1**2 * RBF(length_scale=1) + WhiteKernel(noise_level=0.1),2,"{'alpha': 0.1, 'kernel': 1**2 * RBF(length_scale=1) + WhiteKernel(noise_level=0.1), 'n_restarts_optimizer': 2}",0.34405747460250946,0.26233176784926227,0.5463940981515698,0.1924432750034839,0.21865196043265867,0.24307389300756366,0.25980107779595973,0.4875353803496164,0.4349793875233168,0.42103374445975084,0.3410302059175691,0.1176077545416784,42
0.30092291831970214,0.047142388403158354,0.0013581275939941405,0.0008337820200673376,0.1,"1**2 * Matern(length_scale=1, nu=1.5) + WhiteKernel(noise_level=0.1)",0,"{'alpha': 0.1, 'kernel': 1**2 * Matern(length_scale=1, nu=1.5) + WhiteKernel(noise_level=0.1), 'n_restarts_optimizer': 0}",0.36906221925238347,0.2803062621952621,0.5753420947969645,0.22970252018517756,0.2225563195110677,0.25987775040801775,0.3156871847923566,0.5060523602510278,0.44856199429683186,0.4399703571970789,0.36471190628861677,0.11662310176473037,11
0.5805861234664917,0.06024369969898328,0.0012571573257446288,0.0007052695242122214,0.1,"1**2 * Matern(length_scale=1, nu=1.5) + WhiteKernel(noise_level=0.1)",1,"{'alpha': 0.1, 'kernel': 1**2 * Matern(length_scale=1, nu=1.5) + WhiteKernel(noise_level=0.1), 'n_restarts_optimizer': 1}",0.3690619327558242,0.28030655942717453,0.5753418280978718,0.22970252018517756,0.2225564172086767,0.2598781552372662,0.3156871847923566,0.5060523602510278,0.44856199429683186,0.4399703571970789,0.3647119309449286,0.11662298271684135,10
1.1175266742706298,0.05968939391147628,0.0012986898422241212,0.0005111230872133449,0.1,"1**2 * Matern(length_scale=1, nu=1.5) + WhiteKernel(noise_level=0.1)",2,"{'alpha': 0.1, 'kernel': 1**2 * Matern(length_scale=1, nu=1.5) + WhiteKernel(noise_level=0.1), 'n_restarts_optimizer': 2}",0.3690619327558242,0.28030655942717453,0.5753416608986042,0.22970252018517756,0.22255625821663727,0.2598782153538045,0.3156871847923566,0.5060523602510278,0.44856199429683186,0.4399703571970789,0.3647119043374517,0.11662296649551929,12
0.30819876194000245,0.04184534527801872,0.0019227981567382813,0.0013618225382977744,0.1,"1**2 * Matern(length_scale=1, nu=2.5) + WhiteKernel(noise_level=0.1)",0,"{'alpha': 0.1, 'kernel': 1**2 * Matern(length_scale=1, nu=2.5) + WhiteKernel(noise_level=0.1), 'n_restarts_optimizer': 0}",0.3620935361833647,0.27371622400464435,0.5664740784170628,0.2186040176085775,0.21771446305160458,0.25190600506781036,0.29501346231198555,0.4993632870244987,0.4441250409105676,0.43385741687068247,0.35628675314507985,0.11749151540318954,30
0.5855696201324463,0.06341697106518471,0.0010914087295532226,0.00040869693149134196,0.1,"1**2 * Matern(length_scale=1, nu=2.5) + WhiteKernel(noise_level=0.1)",1,"{'alpha': 0.1, 'kernel': 1**2 * Matern(length_scale=1, nu=2.5) + WhiteKernel(noise_level=0.1), 'n_restarts_optimizer': 1}",0.3620939049014128,0.2737161670582161,0.5664740017280931,0.2186040176085775,0.21771446305160458,0.251905340005835,0.29501657290144423,0.4993632870244987,0.44412503517373236,0.43385741687068247,0.3562870206324097,0.11749140394707748,27
1.2020521640777588,0.04985356214351471,0.0015448570251464845,0.0007716339296718278,0.1,"1**2 * Matern(length_scale=1, nu=2.5) + WhiteKernel(noise_level=0.1)",2,"{'alpha': 0.1, 'kernel': 1**2 * Matern(length_scale=1, nu=2.5) + WhiteKernel(noise_level=0.1), 'n_restarts_optimizer': 2}",0.3620939049014128,0.2737161670582161,0.5664740017280931,0.2186040176085775,0.217714572734365,0.251905340005835,0.29501657290144423,0.4993632870244987,0.44412503517373236,0.4338574570681164,0.3562870356204292,0.11749139366472135,25
0.21447999477386476,0.032231612552172564,0.001825428009033203,0.0026503524223125876,0.1,RBF(length_scale=1) + WhiteKernel(noise_level=0.1),0,"{'alpha': 0.1, 'kernel': RBF(length_scale=1) + WhiteKernel(noise_level=0.1), 'n_restarts_optimizer': 0}",0.3487440655512407,0.2660837010538214,0.5530331045143901,0.1973049719014619,0.21755584254478766,0.24554262465869758,0.25820846267338526,0.49139201917475295,0.4373528092693363,0.42551815558745765,0.3440735756929332,0.11892611290761294,38
0.4688526153564453,0.04410429758344969,0.001417398452758789,0.0007339784710314101,0.1,RBF(length_scale=1) + WhiteKernel(noise_level=0.1),1,"{'alpha': 0.1, 'kernel': RBF(length_scale=1) + WhiteKernel(noise_level=0.1), 'n_restarts_optimizer': 1}",0.3487440655512407,0.2660837010538214,0.5530331045143901,0.1973049719014619,0.21755617688470497,0.24554262465869758,0.25820850453780564,0.49139201917475295,0.4373528092693363,0.42551815558745765,0.3440736133133669,0.11892607431677846,36
0.5877141952514648,0.049910011149812465,0.001206660270690918,0.0006001189100498667,0.1,RBF(length_scale=1) + WhiteKernel(noise_level=0.1),2,"{'alpha': 0.1, 'kernel': RBF(length_scale=1) + WhiteKernel(noise_level=0.1), 'n_restarts_optimizer': 2}",0.34874411255254667,0.2660837010538214,0.5530331045143901,0.1973049719014619,0.21755618737552385,0.24554262465869758,0.25820850727901246,0.49139201917475295,0.43735282498528827,0.42551815558745765,0.3440736209082953,0.11892607442007304,34
0.20924289226531984,0.032201207934345055,0.0011307239532470704,0.000576785813867928,0.1,"Matern(length_scale=1, nu=1.5) + WhiteKernel(noise_level=0.1)",0,"{'alpha': 0.1, 'kernel': Matern(length_scale=1, nu=1.5) + WhiteKernel(noise_level=0.1), 'n_restarts_optimizer': 0}",0.3710423210621956,0.28267288633552623,0.5805556289874679,0.23143161867682527,0.2243584582356264,0.2620344076125437,0.31625951732928015,0.5088735031014131,0.4498485619373118,0.4429400345223805,0.3670016937800571,0.11739252133807894,3
0.5186470985412598,0.03434456521233021,0.000987100601196289,0.0004267226332232398,0.1,"Matern(length_scale=1, nu=1.5) + WhiteKernel(noise_level=0.1)",1,"{'alpha': 0.1, 'kernel': Matern(length_scale=1, nu=1.5) + WhiteKernel(noise_level=0.1), 'n_restarts_optimizer': 1}",0.3710423210621956,0.28267249714014353,0.5805556289874679,0.23143161867682527,0.2243584675441781,0.26203436872526287,0.31625951732928015,0.5088735031014131,0.4498485619373118,0.4429400345223805,0.36700165190264594,0.11739255164199922,8
0.6739744424819947,0.06562936090167622,0.0014831304550170898,0.0006618429419428229,0.1,"Matern(length_scale=1, nu=1.5) + WhiteKernel(noise_level=0.1)",2,"{'alpha': 0.1, 'kernel': Matern(length_scale=1, nu=1.5) + WhiteKernel(noise_level=0.1), 'n_restarts_optimizer': 2}",0.3710423210621956,0.28267256375728445,0.5805556289874679,0.23143161867682527,0.22435847694336875,0.26203436659046697,0.316259516917068,0.5088735031014131,0.4498485619373118,0.44293993207616145,0.36700164900495635,0.11739253929616407,9
0.3030348300933838,0.07150554769649262,0.0014570236206054687,0.0010136043631953494,0.5,1**2 * RBF(length_scale=1) + WhiteKernel(noise_level=0.1),0,"{'alpha': 0.5, 'kernel': 1**2 * RBF(length_scale=1) + WhiteKernel(noise_level=0.1), 'n_restarts_optimizer': 0}",0.2808260195253405,0.1480105946125364,0.37348642143118616,0.2505006382749867,0.1792139749865611,0.26847721249420364,0.3044883245709048,0.4554082189925577,0.38688845286830553,0.35795066504243944,0.3005250522799022,0.09054214344908158,58
0.4869775056838989,0.0938301333432351,0.0016242265701293945,0.0009596561183689687,0.5,1**2 * RBF(length_scale=1) + WhiteKernel(noise_level=0.1),1,"{'alpha': 0.5, 'kernel': 1**2 * RBF(length_scale=1) + WhiteKernel(noise_level=0.1), 'n_restarts_optimizer': 1}",0.2808260195253405,0.1480105946125364,0.37348642143118616,0.25050065805445465,0.17921402185552504,0.26847721249420364,0.3044878242531467,0.455408589577171,0.3868870248596167,0.3579506824407901,0.3005249049103971,0.09054206217393468,59
1.2032222270965576,0.22971132491026608,0.002322077751159668,0.0021987651641881315,0.5,1**2 * RBF(length_scale=1) + WhiteKernel(noise_level=0.1),2,"{'alpha': 0.5, 'kernel': 1**2 * RBF(length_scale=1) + WhiteKernel(noise_level=0.1), 'n_restarts_optimizer': 2}",0.2808260195253405,0.1480105946125364,0.37347901600268496,0.25050065805445465,0.17921402185552504,0.26847721249420364,0.3044878242531467,0.455408603822116,0.3868870248596167,0.35795066481928794,0.30052416402989124,0.090541466766677,60
0.30519115924835205,0.02125494566242166,0.0016347408294677735,0.0012140556906755908,0.5,"1**2 * Matern(length_scale=1, nu=1.5) + WhiteKernel(noise_level=0.1)",0,"{'alpha': 0.5, 'kernel': 1**2 * Matern(length_scale=1, nu=1.5) + WhiteKernel(noise_level=0.1), 'n_restarts_optimizer': 0}",0.3118446037620458,0.21547420671856754,0.4645907529077974,0.26945861059247,0.23967522730085178,0.27245196625383183,0.3711508815811564,0.4756931392573901,0.4167634892312212,0.3682387200501408,0.3405341597655473,0.08803201152237265,49
0.4758291721343994,0.02419718588902593,0.001895737648010254,0.0015126262163312957,0.5,"1**2 * Matern(length_scale=1, nu=1.5) + WhiteKernel(noise_level=0.1)",1,"{'alpha': 0.5, 'kernel': 1**2 * Matern(length_scale=1, nu=1.5) + WhiteKernel(noise_level=0.1), 'n_restarts_optimizer': 1}",0.31184373522317954,0.21547420671856754,0.4645913247396958,0.26945892452857245,0.23967522730085178,0.2724515890787814,0.3711508832291106,0.4756931392573901,0.4167637719550543,0.3682387200501408,0.3405341522081344,0.08803214877488247,50
1.1536023139953613,0.10948324776938537,0.0018058538436889649,0.001365219917746313,0.5,"1**2 * Matern(length_scale=1, nu=1.5) + WhiteKernel(noise_level=0.1)",2,"{'alpha': 0.5, 'kernel': 1**2 * Matern(length_scale=1, nu=1.5) + WhiteKernel(noise_level=0.1), 'n_restarts_optimizer': 2}",0.31184349478501905,0.21547337077297346,0.4645913247396958,0.26945918605698493,0.23967522730085178,0.2724515964719334,0.3711508832291106,0.4756931392573901,0.4167637526095376,0.3682387287337716,0.3405340703957268,0.0880322522782584,51
0.29758586883544924,0.03560453532636725,0.0015244007110595704,0.0008055655874637434,0.5,"1**2 * Matern(length_scale=1, nu=2.5) + WhiteKernel(noise_level=0.1)",0,"{'alpha': 0.5, 'kernel': 1**2 * Matern(length_scale=1, nu=2.5) + WhiteKernel(noise_level=0.1), 'n_restarts_optimizer': 0}",0.3067406409644523,0.2064853323171384,0.47611724646856945,0.2615884805249422,0.21501224446609224,0.2735315008840953,0.3442495311839028,0.470516293047501,0.4024244407914632,0.36369390709077065,0.3320359617738927,0.09193755342048543,52
0.4912865161895752,0.040701595298199555,0.002546095848083496,0.0035115488924682744,0.5,"1**2 * Matern(length_scale=1, nu=2.5) + WhiteKernel(noise_level=0.1)",1,"{'alpha': 0.5, 'kernel': 1**2 * Matern(length_scale=1, nu=2.5) + WhiteKernel(noise_level=0.1), 'n_restarts_optimizer': 1}",0.3067406409644523,0.2064853323171384,0.4761167802907823,0.26158822070813226,0.21501226687008101,0.2735315228585531,0.34425016886052795,0.47051559560756795,0.4024243239796803,0.36369390709077065,0.33203587595476863,0.09193739049833537,53
1.159373116493225,0.12506799977933716,0.002536153793334961,0.002963708802719807,0.5,"1**2 * Matern(length_scale=1, nu=2.5) + WhiteKernel(noise_level=0.1)",2,"{'alpha': 0.5, 'kernel': 1**2 * Matern(length_scale=1, nu=2.5) + WhiteKernel(noise_level=0.1), 'n_restarts_optimizer': 2}",0.3067406409644523,0.2064853323171384,0.4761167802907823,0.26158822070813226,0.21501226357043146,0.2735314480526525,0.34425016886052795,0.47051547079226974,0.4024243239796803,0.36369390709077065,0.3320358556626838,0.09193737687844458,54
0.21021876335144044,0.032202914294945546,0.0017303705215454101,0.0006742996644506679,0.5,RBF(length_scale=1) + WhiteKernel(noise_level=0.1),0,"{'alpha': 0.5, 'kernel': RBF(length_scale=1) + WhiteKernel(noise_level=0.1), 'n_restarts_optimizer': 0}",0.2836045342023239,0.16565333213935896,0.3911945788159654,0.27500189715246004,0.23315402535776875,0.26170699786654494,0.32923047290192065,0.48769704345279474,0.4242933694919031,0.3662965689247297,0.32178328203057704,0.0918572244362065,57
0.31821045875549314,0.04657059791364184,0.0014231204986572266,0.0007103714112253486,0.5,RBF(length_scale=1) + WhiteKernel(noise_level=0.1),1,"{'alpha': 0.5, 'kernel': RBF(length_scale=1) + WhiteKernel(noise_level=0.1), 'n_restarts_optimizer': 1}",0.2836045413464173,0.16565373288680219,0.3911945788159654,0.27500189715246004,0.23315402535776875,0.26170699786654494,0.3292304765409655,0.48769704345279474,0.42429337705134873,0.3662965689247297,0.32178332393957976,0.09185715689730328,56
0.40711612701416017,0.04239825861285894,0.0016942262649536134,0.002056959710163911,0.5,RBF(length_scale=1) + WhiteKernel(noise_level=0.1),2,"{'alpha': 0.5, 'kernel': RBF(length_scale=1) + WhiteKernel(noise_level=0.1), 'n_restarts_optimizer': 2}",0.2836045413464173,0.16565373288680219,0.3911945788159654,0.27500189715246004,0.23315402419147901,0.2617070255692193,0.3292304765409655,0.48769704345279474,0.42429337705134873,0.36629656869043603,0.3217833265697888,0.09185715518667306,55
0.1643281936645508,0.01383500177123549,0.0013915777206420898,0.0006528159141474978,0.5,"Matern(length_scale=1, nu=1.5) + WhiteKernel(noise_level=0.1)",0,"{'alpha': 0.5, 'kernel': Matern(length_scale=1, nu=1.5) + WhiteKernel(noise_level=0.1), 'n_restarts_optimizer': 0}",0.3066418333747535,0.22560484732271813,0.4565093799190605,0.2881366096410435,0.27713853963860824,0.2792920462976737,0.40440584626642107,0.49832996954177344,0.463005103071473,0.3879643029298059,0.3587028478003331,0.09013858264579651,21
0.2827031373977661,0.017532858099045714,0.0018905878067016601,0.0013939307498204941,0.5,"Matern(length_scale=1, nu=1.5) + WhiteKernel(noise_level=0.1)",1,"{'alpha': 0.5, 'kernel': Matern(length_scale=1, nu=1.5) + WhiteKernel(noise_level=0.1), 'n_restarts_optimizer': 1}",0.30664185618031303,0.22560489360395752,0.4565093799190605,0.2881366096410435,0.2771385398433869,0.2792920462976737,0.40440574749461755,0.49832996954177344,0.46300520742551643,0.3879643029298059,0.35870285528771484,0.0901385815433632,19
0.3563791990280151,0.03318541061324106,0.0014339685440063477,0.0007078811609720383,0.5,"Matern(length_scale=1, nu=1.5) + WhiteKernel(noise_level=0.1)",2,"{'alpha': 0.5, 'kernel': Matern(length_scale=1, nu=1.5) + WhiteKernel(noise_level=0.1), 'n_restarts_optimizer': 2}",0.30664185618031303,0.22560489360395752,0.4565093799190605,0.2881366171412446,0.2771385398433869,0.2792920462976737,0.40440574749461755,0.49832996018225706,0.4630051572577998,0.38796430354504263,0.3587028501465353,0.09013857372128477,20
0.40019776821136477,0.07323571187784929,0.0014318227767944336,0.0008048598595438903,1.0,1**2 * RBF(length_scale=1) + WhiteKernel(noise_level=0.1),0,"{'alpha': 1.0, 'kernel': 1**2 * RBF(length_scale=1) + WhiteKernel(noise_level=0.1), 'n_restarts_optimizer': 0}",0.2032810139080663,-0.0527206877420876,0.2090248200426328,0.21922726314485486,0.21803766250157186,0.15778210521576208,0.34175154678849007,0.32509044319553404,0.3140145596224666,0.2322801979546102,0.2167768924631901,0.10649186061523183,67
0.5254266500473023,0.0938181625588879,0.0014137029647827148,0.001073882841658461,1.0,1**2 * RBF(length_scale=1) + WhiteKernel(noise_level=0.1),1,"{'alpha': 1.0, 'kernel': 1**2 * RBF(length_scale=1) + WhiteKernel(noise_level=0.1), 'n_restarts_optimizer': 1}",0.2032810139080663,-0.0527206877420876,0.2090248200426328,0.21922726314485486,0.21803766250157186,0.15778214553692305,0.3417502341689863,0.32509044319553404,0.3140145596224666,0.2322801979546102,0.21677676523335582,0.10649170433826677,69
0.8827225208282471,0.11644205876591397,0.001809978485107422,0.0007936724040363114,1.0,1**2 * RBF(length_scale=1) + WhiteKernel(noise_level=0.1),2,"{'alpha': 1.0, 'kernel': 1**2 * RBF(length_scale=1) + WhiteKernel(noise_level=0.1), 'n_restarts_optimizer': 2}",0.2032810139080663,-0.0527206877420876,0.2090248200426328,0.21922726314485486,0.21803766250157186,0.15778214553692305,0.3417502341689863,0.32509044356248407,0.3140145596224666,0.2322801979546102,0.21677676527005083,0.1064917043755896,68
0.3917637586593628,0.10868382084177523,0.001639723777770996,0.0008178472227005308,1.0,"1**2 * Matern(length_scale=1, nu=1.5) + WhiteKernel(noise_level=0.1)",0,"{'alpha': 1.0, 'kernel': 1**2 * Matern(length_scale=1, nu=1.5) + WhiteKernel(noise_level=0.1), 'n_restarts_optimizer': 0}",0.1983253696323113,-0.03256022091697086,0.19124003704183223,0.22977249038948455,0.2153569435393713,0.14874813276663013,0.3431659811655392,0.3217633425334755,0.30492899403266127,0.23291760859415167,0.2153658678778486,0.10147322899193785,73
0.5723949193954467,0.11431233897173543,0.0024851560592651367,0.0018817918679840822,1.0,"1**2 * Matern(length_scale=1, nu=1.5) + WhiteKernel(noise_level=0.1)",1,"{'alpha': 1.0, 'kernel': 1**2 * Matern(length_scale=1, nu=1.5) + WhiteKernel(noise_level=0.1), 'n_restarts_optimizer': 1}",0.1983253696323113,-0.03256382485162024,0.19123888325622196,0.22977249038948455,0.2153569435393713,0.14874790694646878,0.34316612230761434,0.3217633549493363,0.30492882643959685,0.23291760859415167,0.2153653681202937,0.1014741560734836,75
0.9137556076049804,0.16836764253071204,0.0017310142517089843,0.0008188892393435571,1.0,"1**2 * Matern(length_scale=1, nu=1.5) + WhiteKernel(noise_level=0.1)",2,"{'alpha': 1.0, 'kernel': 1**2 * Matern(length_scale=1, nu=1.5) + WhiteKernel(noise_level=0.1), 'n_restarts_optimizer': 2}",0.1983253696323113,-0.03256382485162024,0.19123908563461656,0.22977249038948455,0.2153569435393713,0.14874790694646878,0.34316612230761434,0.3217633549493363,0.30492884613420224,0.23291760859415167,0.21536539032759366,0.1014741530000467,74
0.47850661277770995,0.09352142239310451,0.0026024818420410157,0.0015432254800109865,1.0,"1**2 * Matern(length_scale=1, nu=2.5) + WhiteKernel(noise_level=0.1)",0,"{'alpha': 1.0, 'kernel': 1**2 * Matern(length_scale=1, nu=2.5) + WhiteKernel(noise_level=0.1), 'n_restarts_optimizer': 0}",0.20161229414126658,-0.04212935858405098,0.20315513022468223,0.22556652355715534,0.21476619676481468,0.15243240086463272,0.34287929424929686,0.3221166111818715,0.3068021510198541,0.23271941072106983,0.21599206541405933,0.10345061720391195,72
0.6401197910308838,0.04346756844505079,0.0027585983276367187,0.002274852661383158,1.0,"1**2 * Matern(length_scale=1, nu=2.5) + WhiteKernel(noise_level=0.1)",1,"{'alpha': 1.0, 'kernel': 1**2 * Matern(length_scale=1, nu=2.5) + WhiteKernel(noise_level=0.1), 'n_restarts_optimizer': 1}",0.2016133624846661,-0.04212868214459187,0.20315513022468223,0.22556652355715534,0.2147669454697434,0.1524325098387047,0.3428787449896137,0.3221166111818715,0.3068014827540595,0.23271941072106983,0.21599220390769744,0.10345029996204254,71
0.9707153558731079,0.08646012719527696,0.003023052215576172,0.002244659802082137,1.0,"1**2 * Matern(length_scale=1, nu=2.5) + WhiteKernel(noise_level=0.1)",2,"{'alpha': 1.0, 'kernel': 1**2 * Matern(length_scale=1, nu=2.5) + WhiteKernel(noise_level=0.1), 'n_restarts_optimizer': 2}",0.2016140542015865,-0.04212868214459187,0.20315513022468223,0.22556652355715534,0.214766160094229,0.1524325098387047,0.3428789394642111,0.3221166111818715,0.3068014827540595,0.23271941072106983,0.2159922139892978,0.10345031513162053,70
0.06562747955322265,0.04732476181569672,0.0034533977508544923,0.005994137826719135,1.0,RBF(length_scale=1) + WhiteKernel(noise_level=0.1),0,"{'alpha': 1.0, 'kernel': RBF(length_scale=1) + WhiteKernel(noise_level=0.1), 'n_restarts_optimizer': 0}",0.17477737472822963,-0.0714694106459719,0.16608752896777135,0.24813758093610938,0.1876470613293736,0.1079790624792053,0.30032690429962106,0.4105915425108394,0.4876487864310115,0.23959838219247231,0.22513248132286617,0.14792811690292773,66
0.18395426273345947,0.07178681479780341,0.002584695816040039,0.0028860604492190888,1.0,RBF(length_scale=1) + WhiteKernel(noise_level=0.1),1,"{'alpha': 1.0, 'kernel': RBF(length_scale=1) + WhiteKernel(noise_level=0.1), 'n_restarts_optimizer': 1}",0.17477737472822963,-0.07146941036487142,0.16608752896777135,0.248137585822774,0.1876470613293736,0.1079790624792053,0.30032690429962106,0.4105915425108394,0.4876487864310115,0.23959838219247231,0.22513248183964268,0.1479281169225611,64
0.2205437421798706,0.1141647195132111,0.0011811971664428711,0.0005266783089379307,1.0,RBF(length_scale=1) + WhiteKernel(noise_level=0.1),2,"{'alpha': 1.0, 'kernel': RBF(length_scale=1) + WhiteKernel(noise_level=0.1), 'n_restarts_optimizer': 2}",0.17477737472822963,-0.07146941036487142,0.16608752896777135,0.248137585822774,0.1876470613293736,0.1079790624792053,0.30032690429962106,0.4105915425108394,0.4876487864310115,0.23959838219247231,0.22513248183964268,0.1479281169225611,64
0.035437798500061034,0.013875362999645223,0.0016120433807373046,0.0012713304946741595,1.0,"Matern(length_scale=1, nu=1.5) + WhiteKernel(noise_level=0.1)",0,"{'alpha': 1.0, 'kernel': Matern(length_scale=1, nu=1.5) + WhiteKernel(noise_level=0.1), 'n_restarts_optimizer': 0}",0.2000081496211369,-0.027746603499722244,0.2027764703892312,0.26574558503015777,0.2192351465116048,0.14660922772700746,0.34400049934080457,0.417045643269941,0.47421399205950154,0.25880105077439863,0.25006891612240617,0.1344790467342795,62
0.12220454216003418,0.029954158649955213,0.0018508434295654297,0.0017522907495575214,1.0,"Matern(length_scale=1, nu=1.5) + WhiteKernel(noise_level=0.1)",1,"{'alpha': 1.0, 'kernel': Matern(length_scale=1, nu=1.5) + WhiteKernel(noise_level=0.1), 'n_restarts_optimizer': 1}",0.2000081496211369,-0.027746603499722244,0.2027764703892312,0.26574558503015777,0.2192351465116048,0.14660922772700746,0.34400049934080457,0.417045643269941,0.47421399205950154,0.25880105077439863,0.25006891612240617,0.1344790467342795,62
0.1605130672454834,0.029123458851833626,0.0013776063919067384,0.0007760964690979955,1.0,"Matern(length_scale=1, nu=1.5) + WhiteKernel(noise_level=0.1)",2,"{'alpha': 1.0, 'kernel': Matern(length_scale=1, nu=1.5) + WhiteKernel(noise_level=0.1), 'n_restarts_optimizer': 2}",0.2000081496211369,-0.027746603499722244,0.2027764703892312,0.26574558503015777,0.2192351465116048,0.14660922772700746,0.34400049934080457,0.4170456449453793,0.47421399205950154,0.25880105077439863,0.25006891628995,0.13447904694231133,61
